ticker,data,ano,receita,ebitda,lucro,eps,target,n_analistas,fonte
RDOR3,2026-09-24,2026,60884.2,,4974.7,2.2206,48.83571,8,yahoo
RDOR3,2026-09-25,2026,60884.2,,4974.7,2.2206,48.83571,8,yahoo
RDOR3,2026-09-26,2026,60884.2,,4974.7,2.2206,48.83571,8,yahoo
RDOR3,2026-09-28,2026,60884.2,,4974.7,2.2206,48.83571,8,yahoo
RDOR3,2026-09-29,2026,60884.2,,4974.7,2.2206,48.83571,8,yahoo
RDOR3,2026-09-30,2026,60884.2,,4974.7,2.2206,48.83571,8,yahoo
RDOR3,2026-10-01,2026,60793.0,,4938.3,2.2043,48.97857,8,yahoo
RDOR3,2026-10-02,2026,60919.8,,4938.3,2.2043,48.83571,8,yahoo
RDOR3,2026-10-05,2026,60919.8,,4938.3,2.2043,48.83571,8,yahoo
RDOR3,2026-10-06,2026,60919.8,,4938.3,2.2043,48.83571,8,yahoo
RDOR3,2026-10-07,2026,60919.8,,4938.3,2.2043,48.83571,8,yahoo
RDOR3,2026-10-08,2026,60919.8,,4938.3,2.2043,48.83571,8,yahoo
RDOR3,2026-09-24,2027,66803.5,,6033.4,2.6931,48.83571,8,yahoo
RDOR3,2026-09-25,2027,66803.5,,6033.4,2.6931,48.83571,8,yahoo
RDOR3,2026-09-26,2027,66803.5,,6033.4,2.6931,48.83571,8,yahoo
RDOR3,2026-09-28,2027,66803.5,,6033.4,2.6931,48.83571,8,yahoo
RDOR3,2026-09-29,2027,66803.5,,6033.4,2.6931,48.83571,8,yahoo
RDOR3,2026-09-30,2027,66803.5,,6033.4,2.6931,48.83571,8,yahoo
RDOR3,2026-10-01,2027,66723.1,,6013.8,2.6844,48.97857,8,yahoo
RDOR3,2026-10-02,2027,66958.8,,6013.8,2.6844,48.83571,8,yahoo
RDOR3,2026-10-05,2027,66958.8,,6013.8,2.6844,48.83571,8,yahoo
RDOR3,2026-10-06,2027,66958.8,,6013.8,2.6844,48.83571,8,yahoo
RDOR3,2026-10-07,2027,66958.8,,6013.8,2.6844,48.83571,8,yahoo
RDOR3,2026-10-08,2027,66958.8,,6013.8,2.6844,48.83571,8,yahoo
SAUD3,2026-09-24,2026,52289.7,,4427.2,1.514,17.975,5,yahoo
SAUD3,2026-09-25,2026,52289.7,,4427.2,1.514,17.975,5,yahoo
SAUD3,2026-09-26,2026,52289.7,,4427.2,1.514,17.975,5,yahoo
SAUD3,2026-09-28,2026,52289.7,,4427.2,1.514,17.975,5,yahoo
SAUD3,2026-09-29,2026,52289.7,,4427.2,1.514,17.975,5,yahoo
SAUD3,2026-09-30,2026,52289.7,,4447.7,1.521,17.975,6,yahoo
SAUD3,2026-10-01,2026,52289.7,,4447.7,1.521,17.975,6,yahoo
SAUD3,2026-10-02,2026,52289.7,,4447.7,1.521,17.975,6,yahoo
SAUD3,2026-10-05,2026,52289.7,,4447.7,1.521,17.975,6,yahoo
SAUD3,2026-10-06,2026,52289.7,,4447.7,1.521,17.975,6,yahoo
SAUD3,2026-10-07,2026,53480.5,,4447.7,1.521,17.975,6,yahoo
SAUD3,2026-10-08,2026,53480.5,,4447.7,1.521,17.975,6,yahoo
SAUD3,2026-09-24,2027,59557.4,,4906.8,1.678,17.975,5,yahoo
SAUD3,2026-09-25,2027,59557.4,,4906.8,1.678,17.975,5,yahoo
SAUD3,2026-09-26,2027,59557.4,,4906.8,1.678,17.975,5,yahoo
SAUD3,2026-09-28,2027,59557.4,,4906.8,1.678,17.975,5,yahoo
SAUD3,2026-09-29,2027,59557.4,,4906.8,1.678,17.975,5,yahoo
SAUD3,2026-09-30,2027,59557.4,,4971.9,1.7003,17.975,6,yahoo
SAUD3,2026-10-01,2027,59557.4,,4971.9,1.7003,17.975,6,yahoo
SAUD3,2026-10-02,2027,59557.4,,4971.9,1.7003,17.975,6,yahoo
SAUD3,2026-10-05,2027,59557.4,,4971.9,1.7003,17.975,6,yahoo
SAUD3,2026-10-06,2027,59557.4,,4971.9,1.7003,17.975,6,yahoo
SAUD3,2026-10-07,2027,60789.4,,4971.9,1.7003,17.975,6,yahoo
SAUD3,2026-10-08,2027,60789.4,,4971.9,1.7003,17.975,6,yahoo
